State,"State name",County,"County name",Year,Month,"Commodity (partial list)","Cause of loss","Payment indemnity (US$)","Payment acreage","Payment count","Liability (US$)","Subsidy (US$)"
53,Washington,063,Spokane,1989,Unspecified,Wheat,"Cold Winter",2813.60,75.946080,1,10116.400000,80.800000
53,Washington,063,Spokane,1989,Unspecified,Wheat,Drought,1249.40,63.430420,1,7596.600000,69.200000
53,Washington,063,Spokane,1989,Unspecified,Wheat,"Excess Moisture/precip/rain",342.00,25.874100,1,1576.000000,39.000000
53,Washington,063,Spokane,1989,2,Wheat,"Cold Winter",807.00,104.200000,1,14787.000000,107.000000
53,Washington,063,Spokane,1989,2,Wheat,Drought,11870.00,492.080000,1,75556.000000,501.000000
53,Washington,063,Spokane,1989,2,Wheat,Freeze,11051.00,378.655300,1,46926.000000,363.000000
53,Washington,063,Spokane,1989,2,Wheat,Frost,2397.00,217.059600,1,20340.000000,236.000000
53,Washington,063,Spokane,1989,5,Wheat,Drought,426.00,18.648000,1,2098.000000,17.000000
53,Washington,063,Spokane,1989,6,Wheat,Drought,6368.00,1042.633000,1,143180.000000,1431.000000
53,Washington,063,Spokane,1989,7,Wheat,Drought,9229.00,279.600000,1,40932.000000,246.000000
53,Washington,063,Spokane,1989,8,Wheat,"Excess Moisture/precip/rain",11922.00,579.000000,1,95187.000000,666.000000
53,Washington,063,Spokane,1989,9,Wheat,"Cold Winter",12112.00,328.145000,1,40303.000000,362.000000
53,Washington,063,Spokane,1989,10,Wheat,Drought,6221.00,179.900000,1,24141.000000,131.000000
53,Washington,063,Spokane,1992,Unspecified,Wheat,Drought,0.00,301.893600,1,14263.400000,112.333333
53,Washington,063,Spokane,1992,Unspecified,Wheat,"Wind/excess Wind",0.00,223.800000,1,11545.666667,75.000000
53,Washington,063,Spokane,1992,4,Wheat,Frost,2220.30,122.507530,1,10025.500000,120.400000
53,Washington,063,Spokane,1992,5,Wheat,Drought,31125.70,1022.069970,4,86250.166667,731.599999
53,Washington,063,Spokane,1992,6,Wheat,Drought,1375.00,174.400000,1,29592.000000,164.000000
53,Washington,063,Spokane,1992,7,Wheat,Drought,10657.00,74.728800,1,67630.000000,406.000000
53,Washington,063,Spokane,1992,7,Wheat,Freeze,641.00,141.020000,1,23183.000000,138.000000
53,Washington,063,Spokane,1992,9,Wheat,Drought,1659.00,23.800000,1,33690.000000,184.000000
53,Washington,063,Spokane,1992,10,Wheat,Drought,6163.20,1001.446200,3,136460.400000,866.333333
53,Washington,063,Spokane,1992,10,Wheat,"Wind/excess Wind",2188.80,306.734000,3,28950.200000,199.333333
53,Washington,063,Spokane,1992,11,Wheat,"Wind/excess Wind",101.00,11.200000,1,684.666667,6.000000
53,Washington,063,Spokane,1993,5,Wheat,"Cold Winter",2272.13,88.669616,1,13965.980000,98.000000
53,Washington,063,Spokane,1993,6,Wheat,Drought,1585.60,64.226400,1,10208.800000,61.600000
53,Washington,063,Spokane,1993,8,Wheat,"Cold Winter",2364.87,92.288784,1,14536.020000,102.000000
53,Washington,063,Spokane,1993,8,Wheat,Insects,396.40,16.056600,1,2552.200000,15.400000
53,Washington,063,Spokane,1993,8,Wheat,"Wind/excess Wind",2972.00,120.300000,1,19122.000000,116.000000
53,Washington,063,Spokane,1994,3,Wheat,"Cold Winter",116.00,11.908500,1,2237.500000,16.000000
53,Washington,063,Spokane,1994,3,Wheat,"Excess Moisture/precip/rain",1725.00,205.087500,1,30700.000000,226.500000
53,Washington,063,Spokane,1994,4,Wheat,Drought,612.00,30.369600,1,3701.000000,36.000000
53,Washington,063,Spokane,1994,5,Wheat,"Cold Winter",154.00,15.984000,1,1653.500000,18.500000
53,Washington,063,Spokane,1994,6,Wheat,Drought,9423.00,333.494800,1,53513.000000,342.000000
53,Washington,063,Spokane,1994,6,Wheat,Heat,531.65,13.869450,1,810.215000,9.065000
53,Washington,063,Spokane,1994,7,Wheat,Drought,4666.00,119.505800,1,16161.000000,147.000000
53,Washington,063,Spokane,1994,8,Wheat,Drought,12018.35,721.726950,1,68850.785000,475.935000
53,Washington,063,Spokane,1995,Unspecified,Wheat,Freeze,0.00,42.220000,1,2892.500000,47.500000
53,Washington,063,Spokane,1995,2,Wheat,Freeze,89.00,8.880000,1,2892.500000,47.500000
53,Washington,063,Spokane,1995,5,Wheat,"Cold Wet Weather",1226.00,35.000000,1,2288.000000,85.000000
53,Washington,063,Spokane,1995,7,Wheat,Hail,4869.00,158.638300,1,7022.000000,221.000000
53,Washington,063,Spokane,1995,10,Wheat,Drought,435.00,32.448100,1,4728.000000,31.000000
53,Washington,063,Spokane,1996,4,Wheat,"Excess Moisture/precip/rain",948.00,27.200000,1,948.000000,66.000000
53,Washington,063,Spokane,1996,5,Wheat,"Excess Moisture/precip/rain",989.00,87.643800,1,989.000000,139.000000
53,Washington,063,Spokane,1996,6,Wheat,Heat,1283.00,64.474200,1,5332.000000,172.000000
53,Washington,063,Spokane,1996,11,Wheat,Heat,4461.00,189.651600,1,26041.000000,413.000000
53,Washington,063,Spokane,1997,2,Wheat,"Cold Wet Weather",4639.00,50.000000,1,7950.000000,119.000000
53,Washington,063,Spokane,1997,2,Wheat,"Cold Winter",517.00,44.755700,1,14139.000000,182.000000
53,Washington,063,Spokane,1997,3,Wheat,Flood,4422.00,61.700000,1,8196.000000,137.000000
53,Washington,063,Spokane,1997,4,Wheat,"Cold Wet Weather",131.00,11.360000,1,27140.000000,201.000000
53,Washington,063,Spokane,1997,4,Wheat,"Cold Winter",867.00,75.060000,1,69011.000000,518.000000
53,Washington,063,Spokane,1997,5,Wheat,"Cold Wet Weather",346.50,60.030000,1,12271.750000,96.000000
53,Washington,063,Spokane,1997,5,Wheat,"Excess Moisture/precip/rain",1039.50,180.090000,1,36815.250000,288.000000
53,Washington,063,Spokane,1997,5,Wheat,Hail,42025.00,234.000000,1,43243.000000,670.000000
53,Washington,063,Spokane,1997,8,Wheat,Frost,1941.00,106.800000,1,18176.000000,170.000000
53,Washington,063,Spokane,1998,7,Wheat,Heat,11.00,71.168900,1,13657.000000,107.000000
53,Washington,063,Spokane,1998,8,Wheat,"Decline In Price",1482.00,38.152400,1,15871.000000,235.000000
53,Washington,063,Spokane,1998,9,Wheat,"Decline In Price",1258.00,43.476000,1,11750.000000,136.000000
53,Washington,063,Spokane,1999,Unspecified,Wheat,"Cold Wet Weather",-2658.60,45.780000,2,12447.600000,297.600000
53,Washington,063,Spokane,1999,1,Wheat,"Cold Winter",1205.40,33.675250,1,4392.850000,145.040000
53,Washington,063,Spokane,1999,1,Wheat,Drought,4211.00,65.000000,1,3570.000000,119.500000
53,Washington,063,Spokane,1999,1,Wheat,Freeze,382.00,37.600000,1,3570.000000,119.500000
53,Washington,063,Spokane,1999,2,Wheat,"Cold Wet Weather",4339.00,231.315600,1,34173.000000,628.000000
53,Washington,063,Spokane,1999,2,Wheat,Freeze,4460.00,498.705400,2,85664.000000,2219.000000
53,Washington,063,Spokane,1999,3,Wheat,"Cold Wet Weather",3205.80,249.000000,1,6223.800000,148.800000
53,Washington,063,Spokane,1999,3,Wheat,Freeze,31725.00,1453.673600,5,447540.000000,10074.000000
53,Washington,063,Spokane,1999,5,Wheat,"Cold Wet Weather",2127.00,101.000000,1,18764.000000,275.000000
53,Washington,063,Spokane,1999,5,Wheat,Frost,3702.93,114.111690,2,17264.660000,580.160000
53,Washington,063,Spokane,1999,6,Wheat,Drought,1015.00,617.673000,1,121280.000000,2135.000000
53,Washington,063,Spokane,1999,7,Wheat,Drought,1865.80,288.827600,3,19326.400000,422.400000
53,Washington,063,Spokane,1999,8,Wheat,"Cold Wet Weather",9638.44,277.564046,1,38291.660000,1351.600000
53,Washington,063,Spokane,1999,8,Wheat,"Decline In Price",326.00,69.167900,1,6257.000000,382.000000
53,Washington,063,Spokane,1999,9,Wheat,"Cold Wet Weather",210.63,12.023964,1,2380.680000,63.240000
53,Washington,063,Spokane,1999,9,Wheat,"Cold Winter",2076.00,25.670000,1,2608.000000,76.000000
53,Washington,063,Spokane,1999,9,Wheat,"Decline In Price",2647.00,987.600000,1,198006.000000,3816.000000
53,Washington,063,Spokane,1999,9,Wheat,Drought,28345.00,394.506200,2,51095.000000,1630.000000
53,Washington,063,Spokane,1999,10,Wheat,Drought,3085.00,110.000000,1,13893.000000,563.000000
53,Washington,063,Spokane,1999,11,Wheat,Drought,2634.60,110.049750,1,18135.150000,472.960000
53,Washington,063,Spokane,1999,12,Wheat,Freeze,59238.00,487.911200,3,201688.000000,4907.000000
53,Washington,063,Spokane,2000,3,Wheat,Other,4980.00,266.666600,1,37368.000000,737.000000
53,Washington,063,Spokane,2000,6,Wheat,Drought,21080.00,951.024080,3,118487.400000,3596.400000
53,Washington,063,Spokane,2000,7,Wheat,Drought,696.00,13.600000,1,1799.000000,49.000000
53,Washington,063,Spokane,2000,9,Wheat,"Decline In Price",9627.00,386.233020,1,49018.600000,1723.600000
53,Washington,063,Spokane,2000,9,Wheat,Drought,5263.00,68.800000,1,11378.000000,248.000000
53,Washington,063,Spokane,2000,10,Wheat,Other,5177.00,501.500000,1,72023.000000,2334.000000
53,Washington,063,Spokane,2001,1,Wheat,Drought,83.00,111.000000,1,2992.000000,114.000000
53,Washington,063,Spokane,2001,3,Wheat,"Cold Winter",229.20,27.204000,1,33180.600000,738.600000
53,Washington,063,Spokane,2001,3,Wheat,Frost,152.80,18.136000,1,22120.400000,492.400000
53,Washington,063,Spokane,2001,3,Wheat,"Plant Disease",189.00,18.540000,1,1085.000000,57.000000
53,Washington,063,Spokane,2001,5,Wheat,"Decline In Price",3239.00,83.960000,1,11306.000000,535.000000
53,Washington,063,Spokane,2001,5,Wheat,Drought,23653.60,820.990000,2,112166.000000,4033.800000
53,Washington,063,Spokane,2001,5,Wheat,Frost,7318.20,121.026000,1,19601.700000,843.300000
53,Washington,063,Spokane,2001,6,Wheat,Drought,41655.80,880.594000,2,140461.300000,6036.700000
53,Washington,063,Spokane,2001,6,Wheat,Heat,28.40,6.400000,1,552.000000,29.200000
53,Washington,063,Spokane,2001,11,Wheat,Drought,9033.00,650.180000,2,76790.000000,2060.000000
53,Washington,063,Spokane,2002,4,Wheat,Freeze,2431.50,28.890000,2,6032.100000,250.500000
53,Washington,063,Spokane,2002,5,Wheat,Drought,3797.00,40.000000,1,4637.000000,158.000000
53,Washington,063,Spokane,2002,5,Wheat,"Plant Disease",5673.50,67.410000,2,14074.900000,584.500000
53,Washington,063,Spokane,2002,6,Wheat,Drought,18059.40,956.366000,2,123723.000000,6058.600000
53,Washington,063,Spokane,2002,6,Wheat,Frost,19131.20,435.410000,2,54896.400000,3589.000000
53,Washington,063,Spokane,2002,7,Wheat,Drought,2148.80,161.370000,2,20925.000000,935.800000
53,Washington,063,Spokane,2002,7,Wheat,Heat,7873.60,139.484000,1,19621.600000,1241.600000
53,Washington,063,Spokane,2002,9,Wheat,Drought,1130.50,113.300000,2,10334.000000,910.000000
53,Washington,063,Spokane,2002,9,Wheat,Frost,470.50,78.270000,1,7763.000000,679.000000
53,Washington,063,Spokane,2002,11,Wheat,Frost,5715.00,123.120000,1,13045.000000,446.000000
53,Washington,063,Spokane,2002,12,Wheat,Drought,5555.00,436.290000,1,49694.000000,2137.000000
53,Washington,063,Spokane,2003,5,Wheat,Drought,1588.10,110.042000,1,14792.400000,1222.200000
53,Washington,063,Spokane,2003,6,Wheat,Drought,76260.50,2457.697000,2,397533.600000,19031.800000
53,Washington,063,Spokane,2003,6,Wheat,Heat,285.90,36.018000,1,5058.600000,385.800000
53,Washington,063,Spokane,2003,7,Wheat,"Decline In Price",18837.00,298.270000,1,49116.000000,3276.000000
53,Washington,063,Spokane,2003,7,Wheat,Drought,19975.00,460.240000,2,77676.000000,3877.000000
53,Washington,063,Spokane,2003,7,Wheat,Frost,4620.00,65.300000,1,11671.000000,664.000000
53,Washington,063,Spokane,2003,7,Wheat,Heat,14231.70,402.821000,1,55233.000000,3240.800000
53,Washington,063,Spokane,2003,8,Wheat,Drought,42164.00,1959.710000,2,334484.000000,18439.000000
53,Washington,063,Spokane,2003,8,Wheat,Heat,34.80,6.252000,1,833.400000,11.400000
53,Washington,063,Spokane,2003,9,Wheat,Drought,3318.00,212.970000,2,24862.000000,1886.000000
53,Washington,063,Spokane,2003,10,Wheat,Drought,958.00,74.000000,1,2125.000000,136.000000
53,Washington,063,Spokane,2003,11,Wheat,Drought,1293.00,100.040000,1,10352.000000,514.000000
53,Washington,063,Spokane,2004,1,Wheat,"Cold Winter",1561.00,101.600000,1,16658.000000,414.000000
53,Washington,063,Spokane,2004,1,Wheat,Drought,745.00,64.560000,1,7635.000000,206.000000
53,Washington,063,Spokane,2004,1,Wheat,Freeze,257.00,19.180000,1,3373.000000,113.000000
53,Washington,063,Spokane,2004,2,Wheat,Drought,1569.60,102.240000,1,51713.600000,981.600000
53,Washington,063,Spokane,2004,3,Wheat,"Wind/excess Wind",392.40,25.560000,1,12928.400000,245.400000
53,Washington,063,Spokane,2004,4,Wheat,Drought,9608.00,231.170000,2,42335.000000,1833.000000
53,Washington,063,Spokane,2004,6,Wheat,Drought,147.00,37.980000,1,4594.200000,257.400000
53,Washington,063,Spokane,2004,6,Wheat,Heat,550.00,28.000000,1,2955.000000,139.000000
53,Washington,063,Spokane,2004,7,Wheat,"Wind/excess Wind",98.00,25.320000,1,3062.800000,171.600000
53,Washington,063,Spokane,2004,8,Wheat,Hail,4194.90,40.909500,1,8923.050000,288.450000
53,Washington,063,Spokane,2004,9,Wheat,"Excess Moisture/precip/rain",5127.10,50.000500,1,10905.950000,352.550000
53,Washington,063,Spokane,2004,10,Wheat,Drought,5735.00,88.700000,1,9805.000000,403.000000
53,Washington,063,Spokane,2004,11,Wheat,Drought,1075.00,38.010000,1,4190.000000,96.000000
53,Washington,063,Spokane,2005,1,Wheat,Drought,7848.00,185.300000,1,24524.000000,1633.000000
53,Washington,063,Spokane,2005,3,Wheat,Drought,315.00,101.600000,1,8984.500000,213.500000
53,Washington,063,Spokane,2005,4,Wheat,"Cold Wet Weather",720.90,25.560000,1,3312.000000,226.800000
53,Washington,063,Spokane,2005,4,Wheat,Frost,972.00,60.570000,1,17939.500000,506.500000
53,Washington,063,Spokane,2005,4,Wheat,Insects,233.00,16.670000,1,12118.000000,267.000000
53,Washington,063,Spokane,2005,5,Wheat,Drought,4580.00,104.580000,1,15144.000000,955.000000
53,Washington,063,Spokane,2005,6,Wheat,Drought,13221.00,375.240000,2,50053.000000,2789.000000
53,Washington,063,Spokane,2005,6,Wheat,Insects,2946.00,75.390000,2,4649.000000,164.000000
53,Washington,063,Spokane,2005,7,Wheat,Drought,1983.00,56.360000,1,13742.000000,580.000000
53,Washington,063,Spokane,2005,7,Wheat,Heat,5956.00,312.060000,1,32869.000000,1653.000000
53,Washington,063,Spokane,2005,8,Wheat,Drought,184.00,28.130000,1,5988.000000,170.000000
53,Washington,063,Spokane,2005,8,Wheat,Hail,40.00,37.560000,1,3655.000000,210.000000
53,Washington,063,Spokane,2005,9,Wheat,"Decline In Price",80.10,2.840000,1,368.000000,25.200000
53,Washington,063,Spokane,2005,10,Wheat,"Decline In Price",1549.00,174.500000,1,17142.000000,1966.000000
53,Washington,063,Spokane,2006,2,Wheat,Freeze,2030.00,62.230000,1,8095.000000,150.000000
53,Washington,063,Spokane,2006,2,Wheat,Frost,3606.00,76.570000,1,8152.000000,207.000000
53,Washington,063,Spokane,2006,3,Wheat,"Excess Moisture/precip/rain",2262.00,231.700000,1,11519.000000,274.000000
53,Washington,063,Spokane,2006,5,Wheat,"Excess Moisture/precip/rain",3401.20,140.740000,1,24478.800000,968.400000
53,Washington,063,Spokane,2006,5,Wheat,Frost,6837.00,284.880000,1,48649.000000,1344.000000
53,Washington,063,Spokane,2006,6,Wheat,Drought,13941.00,563.800000,2,105509.000000,3083.000000
53,Washington,063,Spokane,2006,6,Wheat,"Excess Moisture/precip/rain",706.00,9.580000,1,706.000000,68.000000
53,Washington,063,Spokane,2006,6,Wheat,Heat,141566.40,1959.604000,3,352394.400000,15303.800000
53,Washington,063,Spokane,2006,7,Wheat,Drought,12729.00,565.230000,2,79643.000000,4193.000000
53,Washington,063,Spokane,2006,7,Wheat,Heat,3458.40,251.046000,2,43346.800000,1299.800000
53,Washington,063,Spokane,2006,9,Wheat,"Decline In Price",435.00,110.030000,1,25585.000000,695.000000
53,Washington,063,Spokane,2007,5,Wheat,Drought,4150.00,397.340000,1,66075.000000,2129.000000
53,Washington,063,Spokane,2007,5,Wheat,Heat,1809.60,109.680000,1,14047.200000,1456.400000
53,Washington,063,Spokane,2007,6,Wheat,Drought,31361.40,770.562000,2,124617.700000,5996.600000
53,Washington,063,Spokane,2007,6,Wheat,Heat,165278.00,3388.708000,2,1000717.100000,31219.500000
53,Washington,063,Spokane,2007,7,Wheat,Drought,91920.00,1929.370000,2,340954.000000,17869.000000
53,Washington,063,Spokane,2007,7,Wheat,Heat,56227.00,2184.280000,2,443289.000000,14438.500000
53,Washington,063,Spokane,2007,8,Wheat,Drought,7722.00,145.700000,1,45787.000000,1487.000000
53,Washington,063,Spokane,2007,8,Wheat,Heat,55544.00,1643.180000,2,539976.000000,16428.000000
53,Washington,063,Spokane,2008,1,Wheat,"Cold Winter",9645.00,384.280000,1,236639.500000,7545.500000
53,Washington,063,Spokane,2008,1,Wheat,Drought,17405.00,251.700000,1,98909.000000,2985.000000
53,Washington,063,Spokane,2008,2,Wheat,"Cold Wet Weather",418.00,16.670000,1,15503.000000,603.000000
53,Washington,063,Spokane,2008,2,Wheat,"Plant Disease",1028.00,40.990000,1,36102.000000,1528.000000
53,Washington,063,Spokane,2008,3,Wheat,"Cold Wet Weather",1355.00,20.512000,1,7112.200000,215.800000
53,Washington,063,Spokane,2008,3,Wheat,"Cold Winter",5109.30,30.120000,1,6666.300000,509.700000
53,Washington,063,Spokane,2008,4,Wheat,"Cold Wet Weather",6994.00,372.150000,2,304903.333333,6038.666667
53,Washington,063,Spokane,2008,4,Wheat,"Cold Winter",273.90,33.203000,1,7362.200000,122.900000
53,Washington,063,Spokane,2008,4,Wheat,Drought,34832.80,571.805000,2,145311.300000,4279.600000
53,Washington,063,Spokane,2008,4,Wheat,Freeze,1270.00,50.620000,1,15648.000000,350.000000
53,Washington,063,Spokane,2008,5,Wheat,"Cold Wet Weather",2227.00,88.870000,1,73590.000000,2273.000000
53,Washington,063,Spokane,2008,5,Wheat,"Cold Winter",1226.00,92.600000,1,10688.000000,315.000000
53,Washington,063,Spokane,2008,5,Wheat,Drought,547922.70,6241.496000,3,1627650.400000,53492.700000
53,Washington,063,Spokane,2008,6,Wheat,"Cold Wet Weather",18111.90,85.290000,1,19571.700000,776.400000
53,Washington,063,Spokane,2008,6,Wheat,Drought,174359.50,4348.625000,3,948607.000000,33598.166667
53,Washington,063,Spokane,2008,6,Wheat,Frost,2411.40,130.914000,2,27985.400000,999.400000
53,Washington,063,Spokane,2008,7,Wheat,"Cold Wet Weather",346877.00,3449.420000,1,917430.000000,38664.000000
53,Washington,063,Spokane,2008,7,Wheat,"Decline In Price",-1895.00,28.700000,1,8642.000000,279.000000
53,Washington,063,Spokane,2008,7,Wheat,Drought,241598.50,3621.370000,3,1238294.500000,39097.500000
53,Washington,063,Spokane,2008,7,Wheat,Frost,112663.20,2847.036000,1,1200802.400000,35494.800000
53,Washington,063,Spokane,2008,7,Wheat,Heat,26019.80,593.244000,2,132392.600000,4788.200000
53,Washington,063,Spokane,2008,8,Wheat,"Cold Wet Weather",3931.00,60.000000,1,24002.000000,679.000000
53,Washington,063,Spokane,2008,8,Wheat,Drought,4939.00,117.655000,1,48922.000000,1394.000000
53,Washington,063,Spokane,2008,8,Wheat,Hail,4256.00,466.650000,1,151971.000000,4553.000000
53,Washington,063,Spokane,2008,9,Wheat,Drought,58714.00,669.200000,1,254988.000000,9371.000000
53,Washington,063,Spokane,2009,1,Wheat,"Cold Winter",1758.85,28.578000,2,19704.950000,881.500000
53,Washington,063,Spokane,2009,2,Wheat,"Cold Wet Weather",1733.00,48.250000,1,25851.250000,1103.250000
53,Washington,063,Spokane,2009,3,Wheat,"Cold Wet Weather",3009.00,63.260000,2,32110.250000,1409.250000
53,Washington,063,Spokane,2009,3,Wheat,"Cold Winter",261755.00,1502.080000,1,425112.000000,20248.500000
53,Washington,063,Spokane,2009,3,Wheat,Drought,67549.00,394.700000,1,113875.000000,6926.000000
53,Washington,063,Spokane,2009,4,Wheat,Drought,15856.00,99.440000,1,34273.000000,1709.000000
53,Washington,063,Spokane,2009,4,Wheat,"Excess Moisture/precip/rain",20283.80,74.743000,2,23421.900000,1453.500000
53,Washington,063,Spokane,2009,5,Wheat,"Cold Wet Weather",75771.00,206.990000,2,121374.000000,4748.000000
53,Washington,063,Spokane,2009,5,Wheat,"Decline In Price",12139.00,93.240000,1,35171.000000,1519.000000
53,Washington,063,Spokane,2009,5,Wheat,Drought,587880.57,2705.428000,2,1156109.010000,53971.150000
53,Washington,063,Spokane,2009,5,Wheat,Freeze,2998.20,16.047000,1,4007.100000,247.500000
53,Washington,063,Spokane,2009,6,Wheat,"Cold Winter",63180.84,323.549100,1,132701.490000,6639.180000
53,Washington,063,Spokane,2009,6,Wheat,"Decline In Price",972858.40,5497.096000,1,2411487.800000,109271.600000
53,Washington,063,Spokane,2009,6,Wheat,Drought,2340048.63,10036.752000,1,4872639.845000,211287.380000
53,Washington,063,Spokane,2009,6,Wheat,Heat,33905.20,163.580000,1,70037.200000,3346.200000
53,Washington,063,Spokane,2009,7,Wheat,Cyclone,18470.00,184.900000,1,57122.000000,3281.000000
53,Washington,063,Spokane,2009,7,Wheat,"Decline In Price",760491.30,4147.614000,1,1867805.700000,81068.400000
53,Washington,063,Spokane,2009,7,Wheat,Drought,530678.36,2706.500800,2,1096632.900000,46784.790000
53,Washington,063,Spokane,2009,7,Wheat,Hail,81785.00,844.960000,2,294096.000000,12939.000000
53,Washington,063,Spokane,2009,7,Wheat,Heat,88395.00,418.100000,1,175712.000000,7369.000000
53,Washington,063,Spokane,2009,7,Wheat,Other,6532.00,56.970000,1,18747.000000,1158.000000
53,Washington,063,Spokane,2009,7,Wheat,"Plant Disease",22432.00,44.000000,2,11418.000000,498.000000
53,Washington,063,Spokane,2009,8,Wheat,"Cold Winter",104692.00,525.130000,1,216309.000000,9864.000000
53,Washington,063,Spokane,2009,8,Wheat,"Decline In Price",2679601.92,18289.299300,2,7461168.475000,344201.660000
53,Washington,063,Spokane,2009,8,Wheat,Drought,338591.86,1199.927300,2,620576.170000,26197.010000
53,Washington,063,Spokane,2009,9,Wheat,"Cold Wet Weather",191127.65,856.999500,1,360137.000000,16853.500000
53,Washington,063,Spokane,2009,9,Wheat,"Decline In Price",3208634.42,21097.507500,1,9150599.910000,420612.730000
53,Washington,063,Spokane,2009,9,Wheat,Drought,591799.85,2816.318000,1,1142275.250000,54890.000000
53,Washington,063,Spokane,2009,9,Wheat,Heat,152081.50,627.032500,1,301395.750000,13663.500000
53,Washington,063,Spokane,2009,10,Wheat,Drought,3172.00,107.890000,1,20633.000000,201.000000
53,Washington,063,Spokane,2009,11,Wheat,"Cold Winter",896.85,4.578000,1,2025.150000,90.300000
53,Washington,063,Spokane,2009,11,Wheat,Drought,9121.80,80.580000,2,42444.900000,1971.600000
53,Washington,063,Spokane,2009,12,Wheat,"Cold Winter",458.00,12.700000,1,4934.500000,281.000000
53,Washington,063,Spokane,2009,12,Wheat,Drought,41806.00,1428.170000,1,276200.000000,2452.000000
53,Washington,063,Spokane,2010,1,Wheat,"Cold Wet Weather",1086.50,48.950000,1,100804.500000,3477.500000
53,Washington,063,Spokane,2010,1,Wheat,"Wind/excess Wind",1086.50,48.950000,1,100804.500000,3477.500000
53,Washington,063,Spokane,2010,2,Wheat,"Cold Winter",2857.00,128.700000,1,52858.000000,1886.000000
53,Washington,063,Spokane,2010,3,Wheat,"Excess Moisture/precip/rain",711.00,31.990000,1,116877.000000,3880.000000
53,Washington,063,Spokane,2010,4,Wheat,Freeze,1637.50,73.745000,1,10284.000000,549.000000
53,Washington,063,Spokane,2010,4,Wheat,Other,1637.50,73.745000,1,10284.000000,549.000000
53,Washington,063,Spokane,2010,5,Wheat,"Cold Wet Weather",18393.00,373.520000,2,91190.000000,3260.000000
53,Washington,063,Spokane,2010,5,Wheat,"Excess Moisture/precip/rain",4601.73,114.459300,1,21390.675000,830.280000
53,Washington,063,Spokane,2010,5,Wheat,Frost,4219.00,150.200000,1,35342.000000,1422.000000
53,Washington,063,Spokane,2010,5,Wheat,"Plant Disease",2579.00,157.990000,1,30951.000000,1142.000000
53,Washington,063,Spokane,2010,6,Wheat,"Cold Wet Weather",23333.00,801.100000,2,231638.000000,8619.000000
53,Washington,063,Spokane,2010,6,Wheat,Drought,172.00,47.690000,1,13127.000000,459.000000
53,Washington,063,Spokane,2010,6,Wheat,"Excess Moisture/precip/rain",26210.00,1370.790000,1,375658.000000,13304.000000
53,Washington,063,Spokane,2010,6,Wheat,Heat,60064.00,1380.198000,1,351685.000000,12754.200000
53,Washington,063,Spokane,2010,7,Wheat,Drought,15350.00,331.850000,1,75779.000000,2851.000000
53,Washington,063,Spokane,2010,7,Wheat,"Excess Moisture/precip/rain",3789.00,81.300000,1,20353.000000,914.000000
53,Washington,063,Spokane,2010,7,Wheat,Fire,11231.00,45.350000,1,11125.000000,370.000000
53,Washington,063,Spokane,2010,7,Wheat,Heat,11558.27,282.860700,1,60061.825000,2305.720000
53,Washington,063,Spokane,2010,7,Wheat,"Plant Disease",29584.00,245.500000,1,68954.000000,2680.000000
53,Washington,063,Spokane,2010,8,Wheat,"Cold Wet Weather",6755.20,183.434000,1,58662.400000,1751.200000
53,Washington,063,Spokane,2010,8,Wheat,Fire,10979.00,45.350000,1,10922.000000,369.000000
53,Washington,063,Spokane,2010,8,Wheat,Frost,8985.80,233.766000,1,78024.600000,2271.800000
53,Washington,063,Spokane,2010,8,Wheat,"Wind/excess Wind",26608.00,425.692000,1,107712.000000,3922.800000
53,Washington,063,Spokane,2010,9,Wheat,Drought,5787.00,125.100000,1,26817.000000,1251.000000
53,Washington,063,Spokane,2010,10,Wheat,Drought,10228.00,323.000000,2,73992.500000,2953.000000
53,Washington,063,Spokane,2010,10,Wheat,"Excess Moisture/precip/rain",2962.00,96.040000,2,16482.000000,136.000000
53,Washington,063,Spokane,2010,12,Wheat,"Cold Winter",3496.00,157.390000,1,95199.000000,2890.000000
53,Washington,063,Spokane,2010,12,Wheat,Freeze,2660.00,119.940000,1,196080.000000,7427.000000
53,Washington,063,Spokane,2010,12,Wheat,Frost,1026.00,64.800000,1,17121.000000,568.000000
53,Washington,063,Spokane,2011,1,Wheat,"Cold Wet Weather",5212.00,183.000000,1,257700.000000,11608.000000
53,Washington,063,Spokane,2011,1,Wheat,"Cold Winter",5644.50,116.323750,2,541861.500000,31436.000000
53,Washington,063,Spokane,2011,1,Wheat,Freeze,1832.00,64.328400,1,31811.000000,1464.000000
53,Washington,063,Spokane,2011,2,Wheat,"Cold Winter",570.00,20.000000,1,6315.500000,342.000000
53,Washington,063,Spokane,2011,2,Wheat,"Excess Moisture/precip/rain",17312.00,338.886800,2,207892.000000,10060.000000
53,Washington,063,Spokane,2011,3,Wheat,"Cold Winter",1543.50,35.250950,1,33631.000000,1402.000000
53,Washington,063,Spokane,2011,3,Wheat,"Excess Moisture/precip/rain",131089.40,670.253840,2,324507.800000,14491.800000
53,Washington,063,Spokane,2011,4,Wheat,"Cold Wet Weather",140663.00,2052.274400,1,652106.500000,30206.000000
53,Washington,063,Spokane,2011,4,Wheat,"Excess Moisture/precip/rain",247671.65,1548.467930,3,923665.500000,49059.800000
53,Washington,063,Spokane,2011,5,Wheat,"Cold Wet Weather",603130.60,8339.471150,6,4320521.300000,199991.800000
53,Washington,063,Spokane,2011,5,Wheat,"Decline In Price",39949.00,1043.788600,1,948790.000000,43486.000000
53,Washington,063,Spokane,2011,5,Wheat,"Excess Moisture/precip/rain",2182516.70,12594.932830,8,6426744.100000,340396.300000
53,Washington,063,Spokane,2011,6,Wheat,"Cold Wet Weather",129855.50,2173.290250,1,1086696.500000,49366.000000
53,Washington,063,Spokane,2011,6,Wheat,"Cold Winter",4706.00,88.577600,1,41880.000000,1420.000000
53,Washington,063,Spokane,2011,6,Wheat,Drought,2533.00,15.900000,1,3476.000000,235.000000
53,Washington,063,Spokane,2011,6,Wheat,"Excess Moisture/precip/rain",77554.00,1227.362860,1,688493.800000,31544.400000
53,Washington,063,Spokane,2011,6,Wheat,Insects,15728.00,348.600000,2,364896.000000,14463.000000
53,Washington,063,Spokane,2011,7,Wheat,"Decline In Price",8544.00,202.200000,1,75356.000000,2562.000000
53,Washington,063,Spokane,2011,7,Wheat,Drought,15655.00,84.500000,1,26111.000000,1192.000000
53,Washington,063,Spokane,2011,7,Wheat,"Excess Moisture/precip/rain",58102.00,252.600000,1,150484.000000,7097.000000
53,Washington,063,Spokane,2011,7,Wheat,Hail,5861.00,81.400000,1,24100.500000,1056.000000
53,Washington,063,Spokane,2011,7,Wheat,Heat,14736.00,245.350000,1,117110.500000,4771.000000
53,Washington,063,Spokane,2011,8,Wheat,"Decline In Price",66454.94,1573.058013,1,539839.020000,21767.290000
53,Washington,063,Spokane,2011,8,Wheat,Drought,16162.00,111.800000,1,46444.000000,1775.000000
53,Washington,063,Spokane,2011,8,Wheat,"Excess Moisture/precip/rain",925.00,4.000000,1,1603.000000,62.000000
53,Washington,063,Spokane,2011,8,Wheat,Heat,24305.00,197.700000,1,58174.000000,2445.000000
53,Washington,063,Spokane,2011,9,Wheat,"Cold Wet Weather",36220.00,1349.893700,1,533210.000000,21517.000000
53,Washington,063,Spokane,2011,9,Wheat,"Cold Winter",10270.00,95.174000,1,28992.000000,1261.000000
53,Washington,063,Spokane,2011,9,Wheat,Cyclone,124.00,80.373500,1,31119.000000,1172.000000
53,Washington,063,Spokane,2011,9,Wheat,"Decline In Price",222730.21,3948.918827,2,1847807.880000,74801.010000
53,Washington,063,Spokane,2011,9,Wheat,"Excess Moisture/precip/rain",16810.00,168.815800,1,51045.000000,2831.000000
53,Washington,063,Spokane,2011,9,Wheat,Other,102639.00,2511.094700,1,1554893.000000,59178.000000
53,Washington,063,Spokane,2012,1,Wheat,"Cold Wet Weather",2887.00,89.652500,1,34999.000000,1433.000000
53,Washington,063,Spokane,2012,1,Wheat,"Cold Winter",19263.00,191.195550,1,67959.500000,2829.000000
53,Washington,063,Spokane,2012,1,Wheat,"Plant Disease",5135.00,50.925450,1,23941.000000,954.500000
53,Washington,063,Spokane,2012,3,Wheat,Insects,2272.20,70.560000,1,171556.800000,6550.200000
53,Washington,063,Spokane,2012,4,Wheat,"Cold Wet Weather",24111.50,601.149650,1,238698.500000,8382.000000
53,Washington,063,Spokane,2012,4,Wheat,"Excess Moisture/precip/rain",19482.00,156.025450,3,65544.000000,3069.500000
53,Washington,063,Spokane,2012,4,Wheat,Wildlife,10707.00,69.267950,1,26466.500000,1123.500000
53,Washington,063,Spokane,2012,5,Wheat,"Cold Wet Weather",63726.00,1415.582300,1,565296.000000,23425.000000
53,Washington,063,Spokane,2012,5,Wheat,"Cold Winter",66672.00,197.700000,1,94693.000000,3759.000000
53,Washington,063,Spokane,2012,5,Wheat,"Excess Moisture/precip/rain",29122.00,516.598800,3,160370.000000,5677.000000
53,Washington,063,Spokane,2012,5,Wheat,Frost,84307.10,1115.356950,3,477940.600000,18352.500000
53,Washington,063,Spokane,2012,6,Wheat,"Cold Wet Weather",45837.00,592.100000,1,197117.000000,7305.000000
53,Washington,063,Spokane,2012,6,Wheat,Frost,4739.00,17.700000,1,6782.000000,296.000000
53,Washington,063,Spokane,2012,6,Wheat,Heat,54849.00,518.303600,2,199154.000000,7327.000000
53,Washington,063,Spokane,2012,7,Wheat,Drought,7436.40,56.490000,1,24374.400000,778.000000
53,Washington,063,Spokane,2012,7,Wheat,Flood,10061.00,38.700000,1,16168.000000,671.000000
53,Washington,063,Spokane,2012,7,Wheat,Heat,114258.00,1233.714200,1,438018.500000,16110.000000
53,Washington,063,Spokane,2012,8,Wheat,"Excess Moisture/precip/rain",26861.00,256.973000,1,123083.000000,3816.000000
53,Washington,063,Spokane,2012,8,Wheat,Frost,13461.00,410.602600,1,182416.000000,7368.500000
53,Washington,063,Spokane,2012,8,Wheat,Heat,49210.00,617.495000,1,253897.000000,9738.000000
53,Washington,063,Spokane,2012,9,Wheat,Frost,28561.00,184.554000,1,72226.000000,3460.000000
53,Washington,063,Spokane,2012,9,Wheat,Heat,25877.00,246.151500,1,108321.000000,4196.000000
53,Washington,063,Spokane,2012,11,Wheat,Drought,33955.00,518.463500,3,198169.000000,8281.500000
53,Washington,063,Spokane,2012,11,Wheat,Heat,1514.80,47.040000,1,114371.200000,4366.800000
53,Washington,063,Spokane,2013,1,Wheat,"Cold Winter",22889.00,424.600000,2,198190.000000,7530.000000
53,Washington,063,Spokane,2013,2,Wheat,"Cold Winter",53864.00,602.390000,1,218112.000000,10150.000000
53,Washington,063,Spokane,2013,3,Wheat,"Cold Wet Weather",554.00,16.500000,1,101741.000000,3374.000000
53,Washington,063,Spokane,2013,3,Wheat,"Cold Winter",1047.00,31.148900,1,19272.500000,677.000000
53,Washington,063,Spokane,2013,4,Wheat,Drought,2378.97,38.107113,1,17212.140000,619.740000
53,Washington,063,Spokane,2013,4,Wheat,Freeze,17213.33,185.199493,1,74229.260000,2725.900000
53,Washington,063,Spokane,2013,4,Wheat,Frost,132824.00,1027.992500,1,404907.000000,15280.000000
53,Washington,063,Spokane,2013,5,Wheat,"Decline In Price",5451.00,98.600000,1,44394.000000,1792.000000
53,Washington,063,Spokane,2013,5,Wheat,Drought,233.64,55.970904,1,15180.330000,416.790000
53,Washington,063,Spokane,2013,5,Wheat,Frost,248269.00,1360.100000,2,663401.000000,26304.500000
53,Washington,063,Spokane,2013,5,Wheat,Heat,11928.64,144.199504,1,53640.330000,1779.790000
53,Washington,063,Spokane,2013,6,Wheat,"Decline In Price",7612.00,273.900000,1,180665.000000,5883.500000
53,Washington,063,Spokane,2013,6,Wheat,Drought,24069.25,236.448350,1,90963.000000,3210.000000
53,Washington,063,Spokane,2013,6,Wheat,Heat,16474.00,188.149600,1,66218.000000,2576.000000
53,Washington,063,Spokane,2013,7,Wheat,"Decline In Price",1910.00,56.895100,1,38998.000000,1256.000000
53,Washington,063,Spokane,2013,7,Wheat,Drought,49361.25,646.414300,1,273857.250000,8648.250000
53,Washington,063,Spokane,2013,7,Wheat,"Excess Moisture/precip/rain",3663.00,52.959800,1,36301.000000,1169.000000
53,Washington,063,Spokane,2013,7,Wheat,Frost,7757.25,190.489300,1,124588.250000,4037.250000
53,Washington,063,Spokane,2013,7,Wheat,Heat,68696.66,846.852655,2,356717.430000,10390.780000
53,Washington,063,Spokane,2013,8,Wheat,"Decline In Price",13023.50,297.991500,1,174934.500000,5904.000000
53,Washington,063,Spokane,2013,8,Wheat,"Excess Moisture/precip/rain",24996.30,416.247220,2,198621.600000,6783.900000
53,Washington,063,Spokane,2013,8,Wheat,Hail,58282.56,726.926510,2,254588.180000,8845.750000
53,Washington,063,Spokane,2013,8,Wheat,Heat,65268.00,350.775000,1,139077.000000,4449.000000
53,Washington,063,Spokane,2013,8,Wheat,"Wind/excess Wind",3310.00,155.300000,1,77394.000000,2862.000000
53,Washington,063,Spokane,2013,9,Wheat,"Decline In Price",154162.33,4228.535491,2,1922030.290000,69263.430000
53,Washington,063,Spokane,2013,9,Wheat,Drought,2327.82,29.934960,1,11621.940000,469.920000
53,Washington,063,Spokane,2013,9,Wheat,"Excess Moisture/precip/rain",26911.50,258.080100,2,92257.000000,3155.500000
53,Washington,063,Spokane,2013,9,Wheat,Freeze,115964.00,1323.849700,2,656330.000000,18431.000000
53,Washington,063,Spokane,2013,10,Wheat,"Cold Wet Weather",13771.00,75.400000,1,36608.000000,1349.000000
53,Washington,063,Spokane,2013,10,Wheat,"Decline In Price",3939.00,174.807000,1,65588.000000,2180.000000
53,Washington,063,Spokane,2014,1,Wheat,Drought,375.80,33.885880,1,16004.000000,157.600000
53,Washington,063,Spokane,2014,2,Wheat,"Cold Winter",30584.00,1137.729400,1,683824.000000,20983.500000
53,Washington,063,Spokane,2014,2,Wheat,Drought,751.60,67.771760,1,16004.000000,157.600000
53,Washington,063,Spokane,2014,2,Wheat,Other,751.60,67.771760,1,32008.000000,315.200000
53,Washington,063,Spokane,2014,3,Wheat,Drought,160967.40,2970.097780,1,1042103.900000,32298.600000
53,Washington,063,Spokane,2014,3,Wheat,"Excess Moisture/precip/rain",161.00,6.000000,1,3425.500000,101.500000
53,Washington,063,Spokane,2014,3,Wheat,Flood,562.00,20.875000,2,11372.000000,294.000000
53,Washington,063,Spokane,2014,3,Wheat,Frost,10875.00,164.876400,1,56204.000000,1721.000000
53,Washington,063,Spokane,2014,4,Wheat,"Cold Winter",6143.20,228.540000,1,75909.400000,2243.800000
53,Washington,063,Spokane,2014,4,Wheat,Drought,196362.80,1724.755000,2,627749.900000,21255.700000
53,Washington,063,Spokane,2014,4,Wheat,Frost,25221.00,145.250000,1,41483.500000,1505.500000
53,Washington,063,Spokane,2014,4,Wheat,Insects,1938.00,72.100000,1,17328.000000,596.500000
53,Washington,063,Spokane,2014,5,Wheat,"Cold Winter",1586.00,59.000000,1,48027.500000,1191.500000
53,Washington,063,Spokane,2014,5,Wheat,Drought,677751.10,10653.141360,2,3572959.250000,114985.250000
53,Washington,063,Spokane,2014,5,Wheat,Heat,273.60,18.640000,1,7240.000000,99.200000
53,Washington,063,Spokane,2014,6,Wheat,"Decline In Price",16983.42,461.816100,1,141005.670000,5217.110000
53,Washington,063,Spokane,2014,6,Wheat,Drought,1030754.34,14990.375853,2,5232731.140000,162607.180000
53,Washington,063,Spokane,2014,6,Wheat,Heat,555763.50,7261.408290,1,2633085.200000,79926.400000
53,Washington,063,Spokane,2014,6,Wheat,Insects,2903.50,31.650000,1,9545.500000,350.500000
53,Washington,063,Spokane,2014,7,Wheat,"Decline In Price",415.00,96.600000,1,38385.000000,1216.000000
53,Washington,063,Spokane,2014,7,Wheat,Drought,605291.49,7751.881077,2,2904021.990000,77600.360000
53,Washington,063,Spokane,2014,7,Wheat,Hail,54996.00,567.946500,1,173576.000000,7279.000000
53,Washington,063,Spokane,2014,7,Wheat,Heat,549410.70,7772.348990,3,2982688.500000,82491.300000
53,Washington,063,Spokane,2014,8,Wheat,"Decline In Price",39593.30,1717.537890,1,638484.800000,20097.000000
53,Washington,063,Spokane,2014,8,Wheat,Drought,8366.00,1064.227600,2,375869.000000,10650.500000
53,Washington,063,Spokane,2014,8,Wheat,Hail,481979.40,2936.766160,1,1072315.600000,34920.400000
53,Washington,063,Spokane,2014,8,Wheat,Heat,2429.00,74.425500,1,30161.000000,827.000000
53,Washington,063,Spokane,2014,9,Wheat,"Decline In Price",241125.00,4379.413150,2,1485308.000000,48968.400000
53,Washington,063,Spokane,2014,9,Wheat,Heat,32047.00,484.700000,1,138760.000000,5099.000000
53,Washington,063,Spokane,2014,10,Wheat,"Decline In Price",40756.00,1348.767100,1,455169.000000,15377.000000
53,Washington,063,Spokane,2014,10,Wheat,Drought,21289.00,595.835900,2,265178.000000,3964.000000
53,Washington,063,Spokane,2014,11,Wheat,Drought,13272.00,211.680000,1,88262.400000,2686.800000
53,Washington,063,Spokane,2014,12,Wheat,"Cold Winter",2445.00,90.900000,1,26511.000000,731.000000
53,Washington,063,Spokane,2014,12,Wheat,Freeze,19232.25,253.000750,4,194339.250000,3361.500000
53,Washington,063,Spokane,2014,12,Wheat,Frost,1344.00,50.000000,1,18450.000000,490.000000
53,Washington,063,Spokane,2015,1,Wheat,Drought,109464.50,776.299400,2,235403.500000,6875.000000
53,Washington,063,Spokane,2015,1,Wheat,Freeze,29193.50,897.482700,2,171554.500000,5255.000000
53,Washington,063,Spokane,2015,3,Wheat,"Cold Winter",4903.00,197.700000,1,33891.500000,884.000000
53,Washington,063,Spokane,2015,3,Wheat,Drought,127807.60,2018.359000,2,682970.200000,9593.200000
53,Washington,063,Spokane,2015,3,Wheat,Frost,1671.00,67.367000,1,36242.500000,1074.500000
53,Washington,063,Spokane,2015,4,Wheat,Drought,262899.00,2101.756925,3,584436.250000,18034.500000
53,Washington,063,Spokane,2015,5,Wheat,"Decline In Price",1460.40,26.733240,1,8282.400000,203.400000
53,Washington,063,Spokane,2015,5,Wheat,Drought,152811.20,1785.769485,2,493943.450000,13686.000000
53,Washington,063,Spokane,2015,5,Wheat,"Excess Moisture/precip/rain",4325.00,151.115400,1,49996.000000,1113.000000
53,Washington,063,Spokane,2015,5,Wheat,Hail,35698.90,612.935460,1,201056.900000,5124.600000
53,Washington,063,Spokane,2015,5,Wheat,Heat,1355.40,27.528000,1,5625.600000,253.800000
53,Washington,063,Spokane,2015,6,Wheat,"Decline In Price",89759.70,2891.513000,1,796655.100000,24128.200000
53,Washington,063,Spokane,2015,6,Wheat,Drought,3498662.42,39202.093459,2,11926060.690000,323404.290000
53,Washington,063,Spokane,2015,6,Wheat,Freeze,114841.00,1621.075000,1,456495.000000,13553.000000
53,Washington,063,Spokane,2015,6,Wheat,Frost,35027.00,887.142200,1,290074.040000,7964.360000
53,Washington,063,Spokane,2015,6,Wheat,Hail,112409.00,1347.750000,1,386664.000000,14409.000000
53,Washington,063,Spokane,2015,6,Wheat,Heat,1478586.22,15921.929602,3,4742786.455000,128447.130000
53,Washington,063,Spokane,2015,6,Wheat,Other,18876.00,285.707225,2,70538.250000,2228.000000
53,Washington,063,Spokane,2015,7,Wheat,"Decline In Price",9324.40,475.170000,1,147344.070000,3550.010000
53,Washington,063,Spokane,2015,7,Wheat,Drought,695330.35,8276.377894,3,2544995.985000,62428.520000
53,Washington,063,Spokane,2015,7,Wheat,Heat,267556.00,3872.854700,1,1292672.250000,36236.250000
53,Washington,063,Spokane,2015,8,Wheat,"Decline In Price",252381.75,8431.090345,3,3135201.480000,77062.490000
53,Washington,063,Spokane,2015,8,Wheat,Drought,7545.00,78.008600,2,28988.000000,586.000000
53,Washington,063,Spokane,2015,8,Wheat,Heat,1534.00,30.725000,1,6681.000000,291.000000
53,Washington,063,Spokane,2015,9,Wheat,"Decline In Price",226834.24,3573.424795,1,1026344.400000,28331.440000
53,Washington,063,Spokane,2015,9,Wheat,Drought,1666.00,20.883770,1,6935.000000,183.500000
53,Washington,063,Spokane,2015,10,Wheat,Drought,101910.00,1760.752700,3,533530.125000,15180.250000
53,Washington,063,Spokane,2015,11,Wheat,"Cold Wet Weather",9581.00,386.328000,1,105726.500000,2467.000000
53,Washington,063,Spokane,2015,11,Wheat,"Cold Winter",16085.00,648.547000,1,173227.000000,4125.250000
53,Washington,063,Spokane,2015,11,Wheat,Drought,34914.00,706.090500,1,184627.625000,4953.250000
53,Washington,063,Spokane,2015,11,Wheat,Freeze,12479.00,502.523350,1,321525.000000,7537.000000
53,Washington,063,Spokane,2015,12,Wheat,"Cold Winter",34556.00,862.630000,3,449808.000000,12139.750000
53,Washington,063,Spokane,2015,12,Wheat,"Decline In Price",1126.00,11.205600,1,3956.000000,93.250000
53,Washington,063,Spokane,2015,12,Wheat,Drought,33788.00,694.884900,1,180671.625000,4860.000000
53,Washington,063,Spokane,2015,12,Wheat,Freeze,15300.92,266.085000,2,112181.730000,2761.060000
53,Washington,063,Spokane,2015,12,Wheat,Heat,987.50,39.823350,1,82076.250000,1829.750000
53,Washington,063,Spokane,2015,12,Wheat,Other,34914.00,706.090500,1,184627.625000,4953.250000
53,Washington,063,Spokane,2016,3,Wheat,Frost,6891.50,46.603350,1,13433.000000,399.000000
53,Washington,063,Spokane,2016,5,Wheat,"Decline In Price",2522.00,34.850000,1,10850.000000,284.500000
53,Washington,063,Spokane,2016,5,Wheat,Frost,14919.50,320.587500,1,92020.000000,2664.500000
53,Washington,063,Spokane,2016,5,Wheat,Heat,3373.00,156.200000,2,30582.000000,1253.000000
53,Washington,063,Spokane,2016,6,Wheat,"Cold Wet Weather",13948.00,620.680000,1,144102.400000,5073.600000
53,Washington,063,Spokane,2016,6,Wheat,"Decline In Price",17370.60,550.112600,1,151977.500000,4807.300000
53,Washington,063,Spokane,2016,6,Wheat,Drought,121324.75,2044.491450,2,508476.090000,21073.880000
53,Washington,063,Spokane,2016,6,Wheat,"Excess Moisture/precip/rain",289.50,6.327000,1,1562.000000,58.500000
53,Washington,063,Spokane,2016,6,Wheat,"Falling Numbers",100023.00,889.503050,2,279653.950000,5583.400000
53,Washington,063,Spokane,2016,6,Wheat,Frost,368231.40,5556.628900,2,1575776.700000,48062.300000
53,Washington,063,Spokane,2016,6,Wheat,Heat,47172.50,716.318575,2,178798.750000,6175.750000
53,Washington,063,Spokane,2016,6,Wheat,"Plant Disease",36573.00,121.400000,1,41829.000000,1436.000000
53,Washington,063,Spokane,2016,7,Wheat,"Decline In Price",18288.00,728.983560,1,259948.000000,6946.600000
53,Washington,063,Spokane,2016,7,Wheat,"Excess Moisture/precip/rain",13880.80,207.709600,1,55852.000000,1887.200000
53,Washington,063,Spokane,2016,7,Wheat,"Falling Numbers",31528.20,222.583050,1,76185.320000,2050.780000
53,Washington,063,Spokane,2016,7,Wheat,Hail,37444.75,844.807425,1,287745.550000,9196.450000
53,Washington,063,Spokane,2016,7,Wheat,Heat,2741.20,40.650000,1,7864.600000,476.200000
53,Washington,063,Spokane,2016,7,Wheat,"Wind/excess Wind",5527.50,25.807500,1,8035.000000,224.500000
53,Washington,063,Spokane,2016,8,Wheat,"Decline In Price",36386.20,889.510690,1,320319.260000,8714.500000
53,Washington,063,Spokane,2016,8,Wheat,"Falling Numbers",60146.70,657.401100,2,192200.100000,5069.800000
53,Washington,063,Spokane,2016,8,Wheat,Frost,7412.00,141.340000,1,45960.000000,1394.000000
53,Washington,063,Spokane,2016,8,Wheat,Hail,12461.00,155.250000,1,54279.000000,444.000000
53,Washington,063,Spokane,2016,9,Wheat,"Decline In Price",177219.40,4501.522190,1,1337928.580000,39326.890000
53,Washington,063,Spokane,2016,9,Wheat,"Falling Numbers",1086.60,44.808660,1,13542.250000,353.000000
53,Washington,063,Spokane,2016,9,Wheat,Frost,2522.00,34.850000,1,10850.000000,284.500000
53,Washington,063,Spokane,2016,9,Wheat,Heat,11059.00,224.800000,1,59652.000000,2035.000000
53,Washington,063,Spokane,2016,9,Wheat,Other,9236.00,161.350000,1,47915.500000,1336.500000
53,Washington,063,Spokane,2016,11,Wheat,Drought,34188.00,180.300000,2,53530.000000,1951.000000
53,Washington,063,Spokane,2016,12,Wheat,Drought,11529.50,112.660000,1,39235.500000,1020.000000
53,Washington,063,Spokane,2016,12,Wheat,"Falling Numbers",395.40,10.215000,1,3766.950000,94.350000
53,Washington,063,Spokane,2017,1,Wheat,"Cold Wet Weather",1325.00,60.780000,1,8877.500000,180.500000
53,Washington,063,Spokane,2017,2,Wheat,"Excess Moisture/precip/rain",4107.50,31.359350,1,4107.500000,276.000000
53,Washington,063,Spokane,2017,2,Wheat,Insects,2482.00,113.800000,1,30331.500000,1095.000000
53,Washington,063,Spokane,2017,3,Wheat,"Excess Moisture/precip/rain",99369.30,1186.332750,4,202168.400000,9013.800000
53,Washington,063,Spokane,2017,4,Wheat,"Cold Wet Weather",41473.40,441.195300,2,149864.600000,1292.800000
53,Washington,063,Spokane,2017,4,Wheat,"Excess Moisture/precip/rain",349173.10,3127.649440,5,578116.700000,22729.000000
53,Washington,063,Spokane,2017,5,Wheat,"Cold Wet Weather",7159.89,163.834950,1,28971.060000,1409.640000
53,Washington,063,Spokane,2017,5,Wheat,Drought,19499.14,663.082727,3,162739.940000,4871.090000
53,Washington,063,Spokane,2017,5,Wheat,"Excess Moisture/precip/rain",1357080.00,11303.928355,7,1845512.050000,100698.250000
53,Washington,063,Spokane,2017,5,Wheat,Heat,27463.50,373.156480,3,90128.500000,2363.400000
53,Washington,063,Spokane,2017,6,Wheat,Drought,38464.84,802.237537,1,192521.440000,7171.590000
53,Washington,063,Spokane,2017,6,Wheat,"Excess Moisture/precip/rain",15247.00,353.022900,1,72861.000000,3063.000000
53,Washington,063,Spokane,2017,6,Wheat,Frost,536.80,20.760000,1,5962.800000,0.000000
53,Washington,063,Spokane,2017,6,Wheat,Heat,382969.40,6411.826495,3,1806843.450000,49723.650000
53,Washington,063,Spokane,2017,7,Wheat,Drought,117513.77,2104.044631,1,569383.620000,18371.870000
53,Washington,063,Spokane,2017,7,Wheat,Heat,1059653.60,17084.891240,2,4655036.850000,131219.250000
53,Washington,063,Spokane,2017,7,Wheat,Other,4247.00,73.864640,1,14036.000000,251.600000
53,Washington,063,Spokane,2017,8,Wheat,"Cold Wet Weather",2046.00,44.242400,1,12590.000000,375.000000
53,Washington,063,Spokane,2017,8,Wheat,"Decline In Price",1842.00,336.544100,1,122221.000000,2529.000000
53,Washington,063,Spokane,2017,8,Wheat,Drought,16539.00,366.500000,1,85269.000000,2213.000000
53,Washington,063,Spokane,2017,8,Wheat,"Excess Moisture/precip/rain",11509.00,248.106700,2,69608.000000,1080.000000
53,Washington,063,Spokane,2017,8,Wheat,Heat,149294.70,2769.641600,2,687945.200000,22886.100000
53,Washington,063,Spokane,2017,9,Wheat,"Decline In Price",90454.81,1522.278975,1,452522.190000,11271.410000
53,Washington,063,Spokane,2017,9,Wheat,Flood,-639.00,3.500000,1,19204.000000,684.000000
53,Washington,063,Spokane,2017,9,Wheat,Heat,23793.50,369.309400,1,84873.000000,3357.500000
53,Washington,063,Spokane,2017,10,Wheat,"Decline In Price",379.00,34.447500,1,7979.000000,185.000000
53,Washington,063,Spokane,2017,10,Wheat,"Excess Moisture/precip/rain",39580.35,422.786190,2,127567.550000,2850.950000
53,Washington,063,Spokane,2017,11,Wheat,"Excess Moisture/precip/rain",77628.40,658.990140,2,160515.150000,5119.600000
53,Washington,063,Spokane,2017,12,Wheat,"Cold Wet Weather",3470.00,160.867000,1,47545.000000,1289.000000
53,Washington,063,Spokane,2018,2,Wheat,"Excess Moisture/precip/rain",5544.00,147.000000,1,45687.600000,668.400000
53,Washington,063,Spokane,2018,4,Wheat,"Excess Moisture/precip/rain",21569.00,199.522000,4,41800.500000,2197.500000
53,Washington,063,Spokane,2018,5,Wheat,Drought,30632.00,495.638400,1,106877.000000,6940.000000
53,Washington,063,Spokane,2018,5,Wheat,"Excess Moisture/precip/rain",44525.00,492.294400,2,126509.000000,7653.000000
53,Washington,063,Spokane,2018,5,Wheat,Frost,17536.00,139.790000,1,47150.000000,897.000000
53,Washington,063,Spokane,2018,5,Wheat,Other,107.60,1.040000,1,298.600000,6.000000
53,Washington,063,Spokane,2018,6,Wheat,"Cold Wet Weather",33383.00,241.390000,1,63128.000000,1959.000000
53,Washington,063,Spokane,2018,6,Wheat,Drought,206326.40,3039.953100,1,803774.100000,37878.500000
53,Washington,063,Spokane,2018,6,Wheat,Frost,107019.60,1036.784500,2,311904.700000,9596.700000
53,Washington,063,Spokane,2018,6,Wheat,Heat,21082.00,339.557800,1,96254.900000,2815.100000
53,Washington,063,Spokane,2018,7,Wheat,Drought,95352.95,1403.682000,3,358964.450000,18801.700000
53,Washington,063,Spokane,2018,7,Wheat,Heat,74871.25,1472.473100,3,392802.250000,21216.000000
53,Washington,063,Spokane,2018,8,Wheat,Drought,7159.00,78.150000,1,21412.000000,989.000000
53,Washington,063,Spokane,2018,8,Wheat,Heat,16092.40,857.182700,1,269323.400000,11227.000000
53,Washington,063,Spokane,2018,9,Wheat,"Cold Wet Weather",7404.00,92.430000,1,25272.000000,1373.000000
53,Washington,063,Spokane,2018,9,Wheat,"Decline In Price",673.80,110.649000,1,23815.500000,1895.100000
53,Washington,063,Spokane,2018,9,Wheat,Drought,18583.00,361.410000,1,97610.000000,3306.000000
